{"cameraMode":{"drawMode":0,"name":"Shaded","section":"Shading Mode"},"sceneLighting":false,"audioPlay":false,"sceneViewState":{"m_AlwaysRefresh":false,"showFog":true,"showSkybox":false,"showFlares":true,"showImageEffects":true,"showParticleSystems":true,"showVisualEffectGraphs":true,"m_FxEnabled":false},"in2DMode":false,"pivot":{"x":-1.0808535814285279,"y":-1.2770605087280274,"z":1.9344892501831055},"rotation":{"x":0.1161244809627533,"y":0.8422605991363525,"z":-0.48651689291000368,"w":0.20103475451469422},"size":3.9247446060180666,"orthographic":false}